world_rank,university_name,national_rank,total_score,alumni,award,hici,ns,pub,pcp,year
1,Harvard University,1,100,100,100,100,100,100,71.1,2019
2,Stanford University,2,72.8,38,79.7,88.9,71.6,69.6,49.2,2019
3,Massachusetts Institute of Technology (MIT),3,71.8,69,83.2,68.2,69.2,61.6,64.1,2019
4,"University of California, Berkeley",4,71.6,67.5,80.9,69.7,68.5,68.1,53.4,2019
5,University of Cambridge,1,69.8,80.3,97.2,54.6,55,65.9,52.1,2019
6,California Institute of Technology,5,64.1,48.5,68.8,57.4,64.8,46.2,100,2019
7,Princeton University,6,62.1,52.3,91.3,62.2,44.4,44.5,66.3,2019
8,Columbia University,7,60.1,64.2,68,57.4,51.2,67.8,31,2019
9,University of Chicago,8,57.2,61.8,85.3,52.2,40.6,49.2,38.9,2019
10,University of Oxford,2,56.1,51.2,56.6,48.9,52.1,68.9,40.3,2019
11,Yale University,9,54.8,45.7,45.5,59.7,58,62.3,35.9,2019
12,"University of California, Los Angeles",10,52.2,27.7,43.4,57.7,51.5,72.2,30.1,2019
13,Cornell University,11,50.8,38.7,51.3,54.9,47,55.5,37.2,2019
14,University of Pennsylvania,12,50.5,33.4,34.9,57.9,49.3,67.9,37,2019
15,"University of California, San Diego",13,49.6,20.3,36.6,60.3,52.8,64,34.1,2019
16,University of Washington,14,48.4,22.4,32.5,55.1,51.2,71.3,27.2,2019
17,The Johns Hopkins University,15,47.4,39.9,34.6,42.2,49.9,69.5,28.3,2019
18,"University of California, San Francisco",16,46.6,0,41.2,53.7,54.1,60.6,33.1,2019
19,University of Wisconsin - Madison,17,45.4,32.5,35.9,52.1,39.8,64.2,24.7,2019
20,The University of Tokyo,1,43.8,32.5,14.6,42.5,52,73.7,27.7,2019
21,University College London,3,43.7,29.7,30.4,39.6,44.6,67.1,30.8,2019
22,University of Michigan - Ann Arbor,18,43.4,33.9,0,60.5,44.6,76.2,24.8,2019
23,Swiss Federal Institute of Technology Zurich,1,43.3,31.2,36.6,36.7,44.6,53.9,45.6,2019
24,"The Imperial College of Science, Technology and Medicine",4,42.4,15.3,36.9,41.6,39.6,62.5,35.6,2019
25,University of Illinois at Urbana-Champaign,19,41.9,31.6,37.4,43.3,36.9,56.1,27.8,2019
26,Kyoto University,2,41.3,31.2,35.1,38.9,36.4,63,23,2019
27,New York University,20,40.8,29.7,32.9,42.2,41,55.7,22.6,2019
27,University of Toronto,1,40.8,21,17.7,39,38.4,79.1,27,2019
29,"University of Minnesota, Twin Cities",21,39.7,27.7,16.8,51.1,33.5,65,24.9,2019
30,Northwestern University,22,38.8,16.3,22.8,48.5,37.9,58.1,26.4,2019
31,Washington University in St. Louis,23,37.6,19.6,25.7,39,43.7,52.1,24.7,2019
32,Rockefeller University,24,37,18,61.6,28.9,41.8,20.2,36,2019
33,University of Colorado at Boulder,25,36.6,13.3,31.6,39.6,39.9,44.1,31.8,2019
34,"University of California, Santa Barbara",26,36.5,15.3,36.2,42.7,32.4,40,37,2019
35,The University of Texas at Austin,27,35.8,17.1,16.8,45.7,34.6,56,24.9,2019
36,Duke University,28,35.2,16.3,0,46.5,42.1,62.7,22.3,2019
37,University of Paris Sud (Paris 11),1,34.9,32.1,55.9,16.2,20,48.8,25.4,2019
38,"University of Maryland, College Park",29,34.7,20.3,20.6,41.5,31.9,51.7,25.9,2019
39,University of British Columbia,2,34.6,16.3,19.4,32.4,32.6,64.2,22.8,2019
40,The University of Manchester,5,33.9,19.6,33.6,27.7,25.3,56.5,23.7,2019
41,University of North Carolina at Chapel Hill,30,33.5,9.4,16.8,39.6,30.8,59.2,22.9,2019
42,Karolinska Institute,1,33.4,23.6,27.4,32.4,23.2,49.5,35.6,2019
42,Pierre and Marie  Curie University - Paris 6,2,33.4,32.5,19.4,25.1,31,59.9,21.5,2019
44,University of Copenhagen,1,33.1,23,19.4,25.9,29.3,58.6,32.3,2019
45,"University of California, Irvine",31,32.2,0,30.2,36.9,29.5,46.4,26.6,2019
46,University of Southern California,32,31.9,0,27.4,39.6,26.3,52.1,19.2,2019
47,"University of California, Davis",33,31.8,0,0,47.3,33.9,60.4,25.3,2019
48,The University of Texas Southwestern Medical Center at Dallas,34,31.6,19.6,35.5,30.6,29.5,37,21.9,2019
49,Pennsylvania State University - University Park,35,31.5,10.8,0,47.1,34.7,54.8,22.1,2019
50,Vanderbilt University,36,31.4,16.3,29.9,32.4,21.9,51,18.8,2019
51,Carnegie Mellon University,37,30.6,33.4,32.5,30.7,16.7,35.1,33.4,2019
51,The University of Edinburgh,6,30.6,21.7,13.7,27.1,34.8,50,24.7,2019
53,Technical University Munich,1,30.5,36.8,22.2,24.6,21.3,47.2,28.8,2019
53,The Hebrew University of Jerusalem,1,30.5,33.9,29.1,25.1,23,40.2,28,2019
53,Utrecht University,1,30.5,24.3,20.6,29.9,26,47.3,24.8,2019
56,Purdue University - West Lafayette,38,30.2,14.3,23.8,28.9,25.6,50.8,20.8,2019
57,University of Melbourne,1,30.1,18,13.7,24,22.7,63,27.1,2019
58,University of Pittsburgh,39,30,19.6,0,42.2,23.5,60.9,18,2019
59,University of Zurich,2,29.9,5.4,24.7,25.9,29.2,50.1,25,2019
60,University of Munich,2,29.7,27.1,19.7,16.2,28.8,51.4,28.9,2019
61,"Rutgers, The State University of New Jersey - New Brunswick",40,29.6,10.8,19.4,38.9,26,43.2,21.9,2019
62,University of Heidelberg,3,29.5,14.3,26.1,19.1,27,49.4,28.4,2019
63,McGill University,3,29.3,32.1,0,31.5,24.6,57.8,24.5,2019
64,The Australian National University,2,29.1,14.3,19.8,32.3,24.4,43.1,28.9,2019
65,Brown University,41,29,15.3,13.7,32.4,28.3,42.9,31.9,2019
65,The Ohio State University - Columbus,41,29,13.3,0,40.5,25.5,59.5,17.7,2019
67,University of Oslo,1,28.9,18.8,33.6,17.7,15.9,51.1,25.4,2019
68,King's College London,7,28.6,13.3,21.7,30.7,17.7,50.9,22.3,2019
69,University of Geneva,3,28.5,23,29.1,20.5,26.7,37,26.9,2019
70,University of Bristol,8,28.4,7.7,16.8,28.9,29.6,45.3,27.3,2019
71,Boston University,43,28,12.1,11.9,29.8,26.6,51.2,20.8,2019
72,University of Florida,44,27.9,18,0,37.4,20,60.4,17.1,2019
73,Ecole Normale Superieure - Paris,3,27.6,50,24.4,12.4,17.4,27.3,55,2019
73,Leiden University,2,27.6,18.8,9.7,28.9,22.2,47.6,32,2019
73,University of Helsinki,1,27.6,13.3,16.8,24,20,52.7,27.7,2019
73,Uppsala University,2,27.6,18.8,28.3,14.5,22,48.1,23.9,2019
77,University of Arizona,45,27.4,15.3,0,29.8,35.9,49.3,20.7,2019
78,Technion-Israel Institute of Technology,2,26.9,21,38.8,16.2,16.9,35.3,25.6,2019
79,Arizona State University - Tempe,46,26.6,0,20.6,27.1,29.2,43.1,18.6,2019
80,Moscow State University,1,26.3,43.7,34.1,0,9.1,48.1,29,2019
81,Stockholm University,3,26.1,25.4,28.3,16.2,19.8,38.2,23.1,2019
82,University of Utah,47,26,0,11.9,30.7,25.9,46.4,23,2019
83,Osaka University,3,25.9,9.4,0,27.1,28.7,55.2,20.5,2019
84,Indiana University Bloomington,48,25.7,10.8,22.2,27.1,21.1,39.1,19.6,2019
85,University of Basel,4,25.6,20.3,16.8,24.9,17.9,37.7,33.3,2019
86,Aarhus University,2,25.5,12.1,22.8,7.2,23.9,50.8,26.6,2019
86,University of Nottingham,9,25.5,12.1,20.6,24,17.7,45.8,19.9,2019
86,University of Rochester,49,25.5,26,7.9,28,22.4,41.5,21.7,2019
89,Ghent University,1,25.4,5.4,13.7,17.7,18.7,55.6,30,2019
90,The University of Queensland,3,25.3,13.3,0,21.7,23.1,58.7,25.7,2019
91,Rice University,50,25.1,17.1,22.4,21.5,23.9,30.6,30,2019
92,McMaster University,4,25,13.3,19.4,24,15.6,45.2,21.5,2019
93,Texas A&M University - College Station,51,24.6,0,0,33.9,22.5,53.2,19.2,2019
93,University of Sydney,4,24.6,15.3,0,19.1,18.7,62.3,23.7,2019
93,Weizmann Institute of Science,3,24.6,13.3,16.8,24,32,28.4,22.8,2019
96,Michigan State University,52,24.4,9.4,0,36.9,16.3,51.5,18,2019
96,Nagoya University,4,24.4,23,14.6,16.2,21.5,44.7,20,2019
96,The University of Western Australia,5,24.4,14.3,14.6,25.8,13.3,44.2,26.7,2019
99,Case Western Reserve University,53,24.3,32.1,11.2,21.7,18.7,39.3,22.2,2019
99,University of Freiburg,4,24.3,19.6,19.4,15.9,24,37.5,22.9,2019
1,Harvard University,1,100,100,100,100,100,100,72.5,2020
2,Stanford University,2,72.6,40,80.7,88.9,68.7,69.4,50.4,2020
3,"University of California, Berkeley",3,71.3,67.8,79,69.7,68.5,68.1,54.7,2020
4,Massachusetts Institute of Technology (MIT),4,71.1,68,81.3,68.2,69.7,60.1,65,2020
5,University of Cambridge,1,69.6,79.1,97.3,54.6,54,66.2,53.3,2020
6,California Institute of Technology,5,62.9,47.8,67.2,57.4,62,45.2,100,2020
7,Princeton University,6,61.9,52.9,89.2,62.2,45.8,44,66.9,2020
8,Columbia University,7,59.8,66.1,66.4,57.4,49.8,68,31.9,2020
9,University of Chicago,8,57.1,60.9,83.4,52.2,41.9,49.8,39.5,2020
10,University of Oxford,2,55.9,51.8,55.3,48.9,51.3,69.9,41.2,2020
11,Yale University,9,55.4,47.5,44.5,59.7,60.7,62.4,36.3,2020
12,"University of California, Los Angeles",10,52.9,27.3,47.4,57.7,51.7,71.2,31.1,2020
13,Cornell University,11,50,38.2,50.2,54.9,45,55.2,37.6,2020
14,"University of California, San Diego",12,49.9,20,35.8,60.3,55.5,63.4,35.5,2020
15,University of Pennsylvania,13,49.6,33,34.1,57.9,47.4,66.7,37.7,2020
16,University of Washington,14,48.3,22,31.8,55.1,52.3,70.8,27.9,2020
17,The Johns Hopkins University,15,46.9,39.3,33.9,42.2,49.7,68.8,27.4,2020
18,"University of California, San Francisco",16,46.2,0,40.2,53.7,54.1,59.3,34.1,2020
19,University of Wisconsin - Madison,17,44.9,32.1,35,52.1,39.3,63.3,25.1,2020
20,Swiss Federal Institute of Technology Zurich,1,43.5,30.7,35.8,36.7,46.6,54.7,44.4,2020
21,The University of Tokyo,1,43,32.1,14.2,42.5,50,72.2,27.8,2020
21,University College London,3,43,29.3,29.7,39.6,42.1,67.5,31.3,2020
23,University of Michigan - Ann Arbor,18,42.6,33.4,0,60.5,42,75.7,24.7,2020
24,"The Imperial College of Science, Technology and Medicine",4,41.6,15.1,36.1,41.6,39,60.4,35.7,2020
25,University of Illinois at Urbana-Champaign,19,41.1,31.2,36.5,43.3,35.9,54.2,28.4,2020
26,Kyoto University,2,40.8,30.7,37.5,38.9,35.1,60.2,23.2,2020
27,New York University,20,40.5,29.3,32.2,42.2,40.8,55.5,22.8,2020
28,University of Toronto,1,40.3,20.7,17.3,39,38.2,77.6,27.4,2020
29,"University of Minnesota, Twin Cities",21,39.7,27.3,16.4,51.1,34.7,64.3,25.5,2020
30,Northwestern University,22,38.9,16,22.2,48.5,39.1,57.5,27.1,2020
31,Duke University,23,38.1,16,15,46.5,42.8,61.6,22.5,2020
32,Washington University in St. Louis,24,37.5,19.3,25.1,39,44.2,52.1,24.9,2020
33,University of Colorado at Boulder,25,37.3,13.1,34.3,39.6,39.2,45,33.6,2020
34,Rockefeller University,26,37.1,17.7,60.2,28.9,43.1,20.4,38.1,2020
35,"University of California, Santa Barbara",27,35.9,15.1,35.4,42.7,30.9,39.3,37.2,2020
36,The University of Texas at Austin,28,35.4,16.9,16.4,45.7,34.9,54.2,25.5,2020
37,Pierre and Marie  Curie University - Paris 6,1,35.3,35.1,27.6,25.1,30.8,59.1,22.8,2020
38,"University of Maryland, College Park",29,34.7,20,20.1,41.5,31.5,52.6,26.3,2020
39,University of Paris Sud (Paris 11),2,34.5,31.6,54.7,16.2,19.7,48.7,25.7,2020
40,University of British Columbia,2,34.2,16,19,32.4,31.9,63.6,22.9,2020
41,The University of Manchester,5,34,19.3,32.8,27.7,26,57,24.4,2020
42,University of Copenhagen,1,33.8,22.7,19,25.9,30.3,60.2,35,2020
43,University of North Carolina at Chapel Hill,30,33.7,9.3,16.4,39.6,32.8,58.6,23.5,2020
44,Karolinska Institute,1,32.7,23.3,26.8,32.4,20.9,49.2,35.9,2020
45,"University of California, Irvine",31,32.4,0,29.5,36.9,30.7,46.8,27.1,2020
46,The University of Texas Southwestern Medical Center at Dallas,32,31.4,19.3,34.7,30.6,32.9,34.6,20.6,2020
47,"University of California, Davis",33,31.3,0,0,47.3,33.6,58.6,25.8,2020
47,University of Southern California,33,31.3,0,26.8,39.6,25.1,51.3,19.1,2020
49,Vanderbilt University,35,31,16,29.2,32.4,21,50.9,18.4,2020
50,Technical University Munich,1,30.6,36.3,21.7,24.6,22.4,46.7,30.4,2020
51,The University of Edinburgh,6,30.5,21.4,13.4,27.1,33.6,50.9,25.3,2020
52,Carnegie Mellon University,36,30.4,33,31.8,30.7,18.1,34,33.6,2020
52,Utrecht University,1,30.4,23.9,20.1,29.9,25.9,47.1,25.1,2020
54,Pennsylvania State University - University Park,37,30.2,10.7,0,47.1,31.4,52,21.8,2020
54,University of Heidelberg,2,30.2,14.1,25.5,19.1,28.5,51.1,30.9,2020
54,University of Melbourne,1,30.2,17.7,13.4,24,24.4,62.5,27.1,2020
57,Purdue University - West Lafayette,38,30.1,14.1,23.2,28.9,26.7,49.6,21.7,2020
58,McGill University,3,29.9,31.6,0,31.5,26.1,58.8,25.9,2020
59,The Hebrew University of Jerusalem,1,29.8,33.4,28.4,25.1,21.5,38.7,28.8,2020
60,University of Zurich,2,29.7,5.3,24.2,25.9,28.1,50.9,25.3,2020
61,"Rutgers, The State University of New Jersey - New Brunswick",39,29.5,10.7,19,38.9,26.2,43,22.1,2020
61,University of Munich,3,29.5,26.7,19.3,16.2,28.1,51.2,30.4,2020
61,University of Pittsburgh,39,29.5,19.3,0,42.2,21.8,60.8,18,2020
64,University of Bristol,7,29.2,7.6,16.4,28.9,32.8,45.7,28.8,2020
65,The Ohio State University - Columbus,41,29,13.1,0,40.5,25.9,58.9,18,2020
66,The Australian National University,2,28.9,14.1,19.4,32.3,24,43,29.3,2020
67,Brown University,42,28.8,15.1,13.4,32.4,27.7,42.6,32.6,2020
67,King's College London,8,28.8,13.1,21.2,30.7,17.4,52.5,23.2,2020
69,University of Geneva,3,28.7,22.7,28.4,20.5,27.9,37.7,27.5,2020
69,University of Oslo,1,28.7,18.5,32.8,17.7,16.5,50.6,25.6,2020
71,Ecole Normale Superieure - Paris,3,28.5,51,28.2,12.4,16.7,26.7,58.3,2020
71,University of Florida,43,28.5,17.7,0,37.4,22.5,61,17.6,2020
73,Uppsala University,2,28,18.5,27.6,14.5,24.7,47.9,24.7,2020
74,Leiden University,2,27.8,18.5,9.5,28.9,23,47.9,33.1,2020
75,Boston University,44,27.4,12,11.6,29.8,24.7,50.8,20.9,2020
76,University of Helsinki,1,27.2,13.1,16.4,24,19.9,51.1,28.8,2020
77,Technion-Israel Institute of Technology,2,26.6,20.7,37.9,16.2,16.8,34.6,26.7,2020
78,University of Arizona,45,26.5,15.1,0,29.8,32.4,49,20.4,2020
79,Arizona State University - Tempe,46,26.1,0,20.1,27.1,27.5,42.5,18.9,2020
79,Moscow State University,1,26.1,43.1,33.3,0,8.8,48.1,30.5,2020
81,Aarhus University,2,26,12,22.2,7.2,25.6,50.9,28.5,2020
82,Stockholm University,3,25.8,25.1,27.6,16.2,19.1,38.3,23.5,2020
83,University of Basel,4,25.6,20,16.4,24.9,18.6,37.5,34.1,2020
83,University of Nottingham,9,25.6,12,20.1,24,17.9,46.1,20.5,2020
85,Ghent University,1,25.5,5.3,13.4,17.7,19.6,55.3,30.2,2020
85,Indiana University Bloomington,47,25.5,10.7,21.7,27.1,20.4,39.7,19.9,2020
85,Osaka University,3,25.5,9.3,0,27.1,29,53.3,20.6,2020
85,The University of Queensland,3,25.5,13.1,0,21.7,22.5,60,26.5,2020
85,University of Utah,47,25.5,0,11.6,30.7,26.9,45.6,18.1,2020
90,University of Rochester,49,25.4,25.6,7.7,28,22.6,41.8,21.2,2020
91,The University of Western Australia,4,25,14.1,14.2,25.8,14.8,45.8,27.3,2020
92,McMaster University,4,24.9,13.1,19,24,16,44.7,21.6,2020
92,Michigan State University,50,24.9,9.3,0,36.9,18.7,51.5,18.6,2020
92,Rice University,50,24.9,16.9,21.9,21.5,24.1,29.5,30.9,2020
92,University of Groningen,3,24.9,0,19,17.7,18.7,51.4,28.8,2020
92,Weizmann Institute of Science,3,24.9,13.1,16.4,24,33.5,28.4,24.5,2020
97,University of Strasbourg,4,24.7,26.2,26.3,17.7,18.5,34.6,20.3,2020
97,University of Sydney,5,24.7,15.1,0,19.1,19.2,62.5,23.9,2020
1,Harvard University,1,100,100,100,100,100,100,75.3,2021
2,Stanford University,2,72.1,41.8,82.8,79.8,71.1,70.9,51.9,2021
3,Massachusetts Institute of Technology (MIT),3,70.5,68.4,80.7,60.6,73.6,61.5,67.1,2021
4,University of California-Berkeley,4,70.1,66.8,79.4,65.3,67.5,68.1,55.9,2021
5,University of Cambridge,1,69.2,79.1,96.6,50.8,56.2,66.5,55.2,2021
6,Princeton University,5,60.7,52.1,88.5,57.1,46.2,44.2,68.1,2021
7,California Institute of Technology,6,60.5,48.5,66.7,49.3,60,44.9,100,2021
8,Columbia University,7,59.6,65.1,65.9,51.6,55,69.1,33.1,2021
9,University of Chicago,8,57.4,61.4,86.3,48.4,43,50.7,41.5,2021
9,University of Oxford,2,57.4,51,54.9,52.8,52.7,72.7,43,2021
11,Yale University,9,55.2,48.8,50.4,51,61.5,62.9,37.7,2021
12,"University of California, Los Angeles",10,51.9,30.2,47.1,52.8,50.9,71.3,31.7,2021
13,Cornell University,11,50.6,37.6,49.8,50.4,46.9,61,39.7,2021
14,"University of California, San Diego",12,49.3,19.7,35.5,56.1,55.7,65,36.5,2021
15,University of Washington,13,48.1,21.7,31.6,53,53.1,71.6,29,2021
16,University of Pennsylvania,14,47.1,32.4,33.8,49.6,44.6,66.9,37.3,2021
17,The Johns Hopkins University,15,47,38.7,33.6,44,47.8,70.2,28.7,2021
18,"University of California, San Francisco",16,45.2,0,39.9,46.8,56.5,59.9,34.9,2021
19,Swiss Federal Institute of Technology Zurich,1,43.9,30.2,35.5,38.4,46.7,55.6,45.8,2021
20,University College London,3,43.3,28.8,29.5,39.2,40.7,71.6,31.5,2021
21,The University of Tokyo,1,43.2,31.6,14.1,40.6,52.6,73,29.2,2021
22,"The Imperial College of Science, Technology and Medicine",4,42.3,14.9,35.8,43.7,38,62.5,38,2021
22,University of Michigan-Ann Arbor,17,42.3,35.3,0,56.2,42.4,77.3,25.6,2021
24,University of Toronto,1,41.8,20.4,17.2,38.8,42.2,80.5,29.6,2021
24,University of Wisconsin - Madison,18,41.8,31.6,34.8,40.2,37.4,63.2,24.5,2021
26,Kyoto University,2,39.9,30.2,37.2,34.4,35,61.2,23.8,2021
27,New York University,19,39.6,28.8,31.9,36.1,42.4,56.6,23.4,2021
28,Northwestern University,20,39.4,15.8,22.1,50.3,39.5,58.2,28.7,2021
28,University of Illinois at Urbana-Champaign,20,39.4,30.7,36.2,35.8,36,54.4,28.5,2021
30,"University of Minnesota, Twin Cities",22,39.3,30.2,16.3,47.3,34.5,65.1,26.2,2021
31,Duke University,23,38.4,15.8,14.9,50.2,40.6,61.9,23.7,2021
32,Washington University in St. Louis,24,37.8,19,24.9,40.7,44.2,52.1,26.1,2021
33,Rockefeller University,25,37.6,17.5,59.8,30.3,44.2,20.8,38.9,2021
34,University of Colorado at Boulder,26,37.2,12.9,34.1,37.1,40.1,46.1,34.8,2021
35,Pierre and Marie  Curie University - Paris 6,1,35.4,34.5,27.4,25.8,30.2,60,23.8,2021
36,University of North Carolina at Chapel Hill,27,35.2,9.1,16.3,40.4,36.3,61.1,25.6,2021
37,University of British Columbia,2,35.1,15.8,18.8,34.2,34,63.9,24.4,2021
38,The University of Manchester,5,34.7,19,32.6,28,28.2,57.8,25.9,2021
39,The University of Texas at Austin,28,34.5,16.6,16.3,38.6,36.3,55.7,26,2021
39,University of Copenhagen,1,34.5,22.3,18.8,27.1,32,61.1,36.2,2021
41,"University of California, Santa Barbara",29,34.3,14.9,35.1,38.7,28.8,38.6,36.9,2021
42,University of Paris Sud (Paris 11),2,34.2,31.1,54.3,16.8,18.5,48.4,26.5,2021
43,"University of Maryland, College Park",30,32.7,19.7,20,31.9,32.5,52.5,26,2021
44,The University of Melbourne,1,32.6,17.5,13.3,29.3,26.7,65.9,29.7,2021
45,The University of Edinburgh,6,32.5,21.1,24.9,25.8,32.5,51.8,25.8,2021
45,The University of Texas Southwestern Medical Center at Dallas,31,32.5,19,34.5,30.3,37.2,35.8,22.2,2021
47,Karolinska Institute,1,31.9,22.9,26.6,24.8,22.4,51.8,37,2021
47,"University of California, Irvine",32,31.9,0,29.3,35,31.5,46,27.8,2021
49,Heidelberg University,1,31.1,13.9,25.3,23.7,27.5,52.2,32.2,2021
49,University of Munich,1,31.1,26.3,19.1,20.3,31.7,51.3,32.1,2021
51,University of Southern California,33,31,0,31.7,34.8,22.8,52.3,19.7,2021
52,"Rutgers, The State University of New Jersey - New Brunswick",34,30.9,10.5,18.8,34.5,30.1,49.8,24.5,2021
53,Technical University Munich,3,30.7,35.7,21.6,22.3,23.7,48.6,31.2,2021
54,Vanderbilt University,35,30.6,15.8,29,28.4,22.8,51.5,18.9,2021
55,"University of California, Davis",36,30.4,0,0,41,35.1,59.3,26.1,2021
56,University of Zurich,2,30.3,5.3,24,27.1,29.3,52.1,25.1,2021
57,Utrecht University,1,30.2,23.5,20,30,24.6,47.7,27,2021
58,Pennsylvania State University - University Park,37,30,10.5,0,42.3,33,54.7,22.6,2021
59,King's College London,7,29.7,21.7,21,27.6,19.3,53.7,24.9,2021
60,Purdue University - West Lafayette,38,29.5,13.9,23.1,27.7,25.8,49.5,22.2,2021
60,Uppsala University,2,29.5,18.2,27.4,18.4,25.8,49.5,26.7,2021
62,Carnegie Mellon University,39,29.4,32.4,31.6,28.6,15.6,34.4,34,2021
63,University of Bristol,8,28.9,7.4,16.3,25.7,34.2,46.3,29.5,2021
64,The Ohio State University - Columbus,40,28.7,12.9,0,38.3,25.5,60.6,18.8,2021
65,University of Pittsburgh-Pittsburgh Campus,41,28.6,19,0,39.8,19.2,61.9,18.5,2021
66,University of Geneva,3,28.5,22.3,28.2,18.9,29,37.8,28.3,2021
67,Ecole Normale Superieure - Paris,3,28.3,50.2,28,11.2,16.8,26.8,59.8,2021
67,McGill University,3,28.3,31.1,0,22.8,27.1,59.4,26.2,2021
69,University of Oslo,1,28.1,18.2,32.6,15.9,16.5,50,25.9,2021
70,Ghent University,1,28,5.3,13.3,26.9,19.6,57.1,33.9,2021
70,The Hebrew University of Jerusalem,1,28,32.9,28.2,19.6,21.3,37.2,27.8,2021
72,Boston University,42,27.8,11.8,11.5,29.9,27,50.3,21.9,2021
73,University of Helsinki,1,27.5,12.9,16.3,24.2,20,52.3,29.6,2021
74,Aarhus University,2,27.4,11.8,22.1,12.3,26.7,51.9,29.8,2021
74,Brown University,43,27.4,14.9,13.3,26.2,26.7,43.6,32.6,2021
74,The Australian National University,2,27.4,13.9,19.2,24.8,22.8,45.1,29.1,2021
77,Leiden University,2,27.3,18.2,9.4,25.7,23.7,48.4,33.3,2021
78,Osaka University,3,26.8,9.1,0,30.9,29.9,54.4,22.3,2021
78,Stockholm University,3,26.8,24.7,27.4,18.1,20.3,39.9,25.3,2021
78,Technion-Israel Institute of Technology,2,26.8,24.1,37.6,15.2,19.1,33.3,27.1,2021
78,University of Florida,44,26.8,17.5,0,30.9,22,60.4,17.5,2021
82,Rice University,45,26.7,16.6,21.7,28.1,24.6,30,34.6,2021
82,University of Groningen,3,26.7,0,18.8,23,19.9,52.6,32,2021
84,Moscow State University,1,26.1,42.4,33,0,9.7,47.9,30.7,2021
85,The University of Queensland,3,25.7,12.9,0,22,21.7,61.4,27.8,2021
86,University of Arizona,46,25.4,14.9,0,27.2,30.7,48.4,20.5,2021
87,University of Utah,47,25,0,11.5,26.5,27.2,47.3,18.7,2021
88,Arizona State University,48,24.9,0,20,22.2,27.3,42.5,19.1,2021
88,The University of Western Australia,4,24.9,13.9,14.1,22.9,15.3,47.9,28.4,2021
90,McMaster University,4,24.8,12.9,18.8,23.2,15.5,45.7,22.6,2021
90,University of Basel,4,24.8,19.7,16.3,17.4,20.8,39.4,34.4,2021
90,University of Rochester,49,24.8,25.2,7.7,25.2,24,40.7,21.5,2021
93,"University of California, Santa Cruz",50,24.7,0,0,37.9,34.3,29.4,37.3,2021
94,University of Bonn,4,24.6,15.8,19.8,17.4,21.9,40.5,25.2,2021
95,University of Strasbourg,4,24.5,25.8,28.8,13.9,17.7,35.5,21.2,2021
96,KU Leuven,2,24.2,0,0,29.5,19.1,54.9,29.1,2021
96,Swiss Federal Institute of Technology Lausanne,5,24.2,0,0,26.1,29.5,43.3,38.6,2021
96,Texas A & M University,51,24.2,0,0,34.3,23.2,50.2,20.8,2021
99,Georgia Institute of Technology,52,24.1,12.9,0,31,22.2,43.9,28,2021
100,VU University Amsterdam,4,24,0,0,27.8,17.5,55.3,32.6,2021
1,Harvard University,1,100,100,100,100,100,100,76.6,2022
2,Stanford University,2,73.3,40.7,89.6,80.1,70.1,70.6,53.8,2022
3,Massachusetts Institute of Technology (MIT),3,70.4,68.2,80.7,60.6,73.1,61.1,68,2022
4,"University of California, Berkeley",4,69.6,65.1,79.4,66.1,65.6,67.9,56.5,2022
5,University of Cambridge,1,68.8,77.1,96.6,50.8,55.6,66.4,55.8,2022
6,Princeton University,5,61,53.3,93.4,57.1,43,42.4,70.3,2022
7,California Institute of Technology,6,59.6,49.5,66.7,49.3,56.4,44,100,2022
8,Columbia University,7,58.8,63.5,65.9,52.1,51.9,68.8,33.2,2022
9,University of Chicago,8,57.1,59.8,86.3,49,42.9,49.8,42,2022
10,University of Oxford,2,56.6,49.7,54.9,52.3,51.9,70.9,43.1,2022
11,Yale University,9,54.5,47.6,50.4,51,58.8,63,37.8,2022
12,"University of California, Los Angeles",10,50.7,29.5,47.1,52.3,47.2,70.7,31.6,2022
13,Cornell University,11,50.5,42,49.8,50.4,45.3,59.9,40.2,2022
14,"University of California, San Diego",12,48.7,19.2,35.5,56.6,55.1,62.9,36.6,2022
15,University of Washington,13,47.8,21.2,31.6,53,51.7,71.9,29.3,2022
16,Johns Hopkins University,14,46.3,37.7,33.6,44,44.9,70.2,28.8,2022
17,University of Pennsylvania,15,46.1,31.6,33.8,49.6,39.6,67.7,37.4,2022
18,University College London,3,44.5,28.1,36.2,38.5,40.6,71.7,32.7,2022
18,"University of California, San Francisco",16,44.5,0,39.9,46.8,53.5,59.5,34.9,2022
20,Swiss Federal Institute of Technology Zurich,1,43.7,29.5,35.5,38.4,45.9,55.7,46.3,2022
21,The University of Tokyo,1,42,30.8,14.1,41.9,48.6,70.8,28.8,2022
22,University of Michigan-Ann Arbor,17,41.7,34.4,0,56.2,41.3,75.9,25.6,2022
23,"The Imperial College of Science, Technology and Medicine",4,41.5,14.5,35.8,44.2,34.5,62,38,2022
24,University of Wisconsin - Madison,18,41.1,30.8,34.8,40.2,35.7,62.5,24.6,2022
25,University of Toronto,1,40.6,19.9,17.2,38.8,38.6,79.1,29.3,2022
26,Kyoto University,2,38.9,31.6,37.2,33.6,32.6,59,23.5,2022
27,New York University,19,38.8,28.1,31.9,35.2,40.3,56.2,23.3,2022
27,Northwestern University,19,38.8,15.4,22.1,50.3,37,58.1,28.8,2022
29,University of Illinois at Urbana-Champaign,21,38.6,29.9,36.2,34.9,32.4,55.5,28.6,2022
30,"University of Minnesota, Twin Cities",22,38.5,29.5,16.3,47.3,32.5,64,26.2,2022
31,Duke University,23,38,15.4,14.9,50.2,39,61.7,23.9,2022
32,Washington University in St. Louis,24,37.4,22.9,24.9,40.7,41.8,50.5,26,2022
33,Rockefeller University,25,36.5,17,59.8,30.3,40.9,19,39.6,2022
34,University of Colorado at Boulder,26,36,12.6,34.1,37.1,36,45,34.2,2022
35,University of Copenhagen,1,35.7,21.8,18.8,28,34,63.2,39.2,2022
36,Pierre and Marie  Curie University - Paris 6,1,35,33.6,27.4,25.8,29.8,59.2,23.9,2022
37,The University of Texas at Austin,27,34.8,16.2,16.3,38.6,37.5,56,26.6,2022
38,"University of California, Santa Barbara",28,34.6,14.5,39.1,38.7,27.5,37.3,38,2022
39,University of North Carolina at Chapel Hill,29,34.4,8.9,16.3,39.8,33.5,61.2,25.6,2022
40,University of British Columbia,2,34.1,15.4,18.8,32.8,32,63,24.2,2022
41,The University of Manchester,5,33.6,18.5,32.6,27.1,26.1,56.2,25.6,2022
41,University of Paris-Sud (Paris 11),2,33.6,30.3,54.3,16.8,17.4,47.3,26.6,2022
43,"University of Maryland, College Park",30,32.8,19.2,20,33,31.6,52.7,26.5,2022
44,The University of Melbourne,1,32.3,17,13.3,28.6,25.3,66.9,30.2,2022
44,The University of Texas Southwestern Medical Center at Dallas,31,32.3,18.5,34.5,31.1,35.6,35.8,22.4,2022
46,Heidelberg University,1,32.2,19.9,25.3,23.7,29.4,51.7,34.2,2022
47,The University of Edinburgh,6,32,20.5,24.9,25.8,30.5,51.9,25.9,2022
48,Karolinska Institute,1,31.9,22.4,26.6,24.8,23.5,50.8,37.4,2022
49,University of Southern California,32,31.3,0,31.7,35.6,22.1,53.2,20.3,2022
50,"University of California, Irvine",33,31,0,29.3,34.3,28.9,45.3,27.5,2022
51,Technical University Munich,2,30.5,34.8,21.6,22.3,23.2,48.3,32.3,2022
52,University of Munich,3,30.3,25.6,19.1,20.3,28.9,50.7,32.6,2022
53,Vanderbilt University,34,30.2,15.4,29,28.4,21.8,51,19,2022
54,University of Zurich,2,30.1,5.1,24,27.1,29,51.6,25.4,2022
55,King's College London,7,30,21.2,21,29.5,18.2,54.3,25.6,2022
56,Utrecht University,1,29.8,22.9,20,29.1,25.4,46,26.9,2022
57,"University of California, Davis",35,29.7,0,0,41,33,58,26,2022
58,University of Geneva,3,29.4,27.1,28.2,21.4,27.6,38.1,29.4,2022
58,University of Oslo,1,29.4,28.1,32.6,15.9,18.2,49.1,26.9,2022
60,Pennsylvania State University - University Park,36,29.3,10.3,0,41.6,31.6,53.4,22.4,2022
61,Carnegie Mellon University,37,29.2,31.6,31.6,28.6,15.2,34.3,34.4,2022
61,Purdue University - West Lafayette,37,29.2,13.6,23.1,27.7,25.1,49,22.4,2022
61,Uppsala University,2,29.2,17.8,27.4,18.4,24.6,49.8,27.1,2022
64,McGill University,3,28.5,32.8,0,22.8,27.3,59.3,26.8,2022
64,"Rutgers, The State University of New Jersey - New Brunswick",39,28.5,10.3,18.8,34.5,24.8,44.6,22.9,2022
66,University of Bristol,8,28.3,7.3,16.3,25.7,32.4,45.5,29.3,2022
67,The Hebrew University of Jerusalem,1,28.2,32,28.2,19.6,21.5,37.6,29.1,2022
67,The Ohio State University - Columbus,40,28.2,12.6,0,38.3,22.8,60.9,18.9,2022
67,University of Helsinki,1,28.2,12.6,16.3,25.2,22.4,51.8,31.3,2022
70,"University of Pittsburgh, Pittsburgh Campus",41,28.1,18.5,0,39.8,19.2,59.6,18.3,2022
71,Ghent University,1,27.8,5.1,13.3,26.9,18.3,57.5,34.5,2022
72,Ecole Normale Superieure - Paris,3,27.6,48.9,28,6.2,19.5,26.4,60.5,2022
73,Aarhus University,2,27.3,11.5,22.1,12.3,25.8,51.8,31,2022
73,Boston University,42,27.3,11.5,11.5,29.1,26.3,49.5,21.8,2022
75,Brown University,43,27,14.5,13.3,26.2,25.1,43.6,32.8,2022
75,University of Groningen,2,27,0,18.8,23,21,52.6,32.7,2022
77,Nagoya University,3,26.7,29,25.3,16.8,17.7,44.3,23.1,2022
77,Stockholm University,3,26.7,24.1,27.4,18.1,19.4,40.4,25.6,2022
77,Technion-Israel Institute of Technology,2,26.7,23.5,37.6,15.2,18.3,33.3,28.2,2022
77,The Australian National University,2,26.7,13.6,19.2,24.8,20.1,45.1,29.1,2022
77,The University of Queensland,2,26.7,12.6,0,22,24,63.2,29.3,2022
82,Leiden University,3,26.5,17.8,9.4,25.7,22,46.9,32.9,2022
83,University of Florida,44,26.2,17,0,30.9,21,58.7,17.3,2022
84,Rice University,45,26,16.2,21.7,28.1,22.8,29.2,34.3,2022
85,Osaka University,4,25.7,8.9,0,31.6,26.7,51.7,21.7,2022
86,Moscow State University,1,25.3,41.4,33,0,7.7,46.4,31.3,2022
87,The University of Western Australia,4,24.9,13.6,14.1,24.1,14.5,47.5,28.9,2022
87,University of Basel,4,24.9,19.2,16.3,17.4,21.4,39.2,35,2022
87,University of Strasbourg,4,24.9,25.1,28.8,15.9,19,34.6,21.7,2022
90,KU Leuven,2,24.7,0,0,30.1,18.6,56.6,30.4,2022
90,University of Arizona,46,24.7,14.5,0,27.2,27.5,48.4,20.3,2022
92,University of Warwick,9,24.6,0,29.8,23.7,14,39.3,26.8,2022
93,Arizona State University,47,24.5,0,20,22.2,25.5,42.6,19.1,2022
93,"University of California, Santa Cruz",47,24.5,0,0,37.9,33.9,29,37.6,2022
93,University of Utah,47,24.5,0,11.5,26.5,25.5,46.7,18.7,2022
96,McMaster University,4,24.4,12.6,18.8,23.2,15.1,44.5,22.5,2022
97,University of Bonn,4,24.3,15.4,19.8,17.4,21.1,39.8,25.9,2022
98,VU University Amsterdam,4,24.2,0,0,27.8,18,55.5,33.3,2022
99,Michigan State University,50,24,8.9,0,30.7,21.8,50.6,18.9,2022
100,Texas A&M University,51,23.9,0,0,34.3,22.7,49.5,20.9,2022
